latitude,longitude,resource_type,access,supervisor_district,analysis_neighborhood,needles_within_500m,encampments_within_500m
37.7858991,-122.4119361,restroom,publicly_accessible,5.0,Tenderloin,3360,51
37.775948,-122.389857,drinking_water,publicly_accessible,6.0,Mission Bay,216,8
37.71413459070176,-122.42329114112184,restroom,publicly_accessible,10.0,McLaren Park,11,1
37.765245,-122.388254,drinking_water,publicly_accessible,6.0,Potrero Hill,98,2
37.74428399,-122.41949464,drinking_water,publicly_accessible,9.0,Bernal Heights,327,7
37.75014599,-122.46853686,drinking_water,publicly_accessible,7.0,Inner Sunset,68,1
37.76054095,-122.39077737,drinking_water,publicly_accessible,10.0,Potrero Hill,213,3
37.7627732,-122.4348053,restroom,publicly_accessible,8.0,Castro/Upper Market,1473,2
37.76632519,-122.46658709,drinking_water,publicly_accessible,7.0,Golden Gate Park,94,14
37.72209608,-122.42064775,drinking_water,publicly_accessible,9.0,McLaren Park,4,14
37.76948148,-122.46254139,drinking_water,publicly_accessible,,,72,9
37.78078552,-122.42681555,drinking_water,publicly_accessible,5.0,Western Addition,1439,15
37.76609581,-122.50844351,drinking_water,publicly_accessible,4.0,Golden Gate Park,45,56
37.76940617,-122.43356965,drinking_water,limited_access,8.0,Haight Ashbury,1236,4
37.71489675900471,-122.43204290963838,restroom,publicly_accessible,11.0,Excelsior,26,0
37.79129,-122.399052,drinking_water,publicly_accessible,3.0,Financial District/South Beach,846,12
37.760811905460336,-122.42771000970993,restroom,publicly_accessible,8.0,Castro/Upper Market,1115,0
37.75003212278121,-122.40660090433184,restroom,publicly_accessible,9.0,Mission,1065,14
37.76473973,-122.39131882,drinking_water,publicly_accessible,6.0,Potrero Hill,217,1
37.72518013090619,-122.44422317580953,restroom,publicly_accessible,11.0,Outer Mission,47,14
37.70863367,-122.45545232,drinking_water,publicly_accessible,11.0,Outer Mission,20,17
37.74424931,-122.44036074,drinking_water,publicly_accessible,8.0,Glen Park,18,5
37.75022804200006,-122.43509024199994,drinking_water,limited_access,8.0,Noe Valley,48,0
37.752094240000005,-122.46505759,drinking_water,publicly_accessible,7.0,Inner Sunset,21,0
37.7594717,-122.42710577,drinking_water,publicly_accessible,8.0,Castro/Upper Market,804,0
37.74198175,-122.41632773,drinking_water,publicly_accessible,9.0,Bernal Heights,120,9
37.7649465,-122.4200173,restroom,publicly_accessible,9.0,Mission,2364,27
37.77571849,-122.43461824,drinking_water,publicly_accessible,5.0,Hayes Valley,467,2
37.78749354,-122.46841839,drinking_water,publicly_accessible,1.0,Inner Richmond,90,9
37.76480722,-122.40910427,drinking_water,publicly_accessible,9.0,Mission,2055,100
37.79897,-122.39703,drinking_water,publicly_accessible,3.0,Financial District/South Beach,196,12
37.77187868672216,-122.45481948259614,restroom,limited_access,1.0,Golden Gate Park,173,20
37.809195,-122.416145,restroom,limited_access,3.0,North Beach,109,15
37.73388037458533,-122.44827767552806,restroom,publicly_accessible,7.0,West of Twin Peaks,33,0
37.735292,-122.376172,drinking_water,publicly_accessible,10.0,Bayview Hunters Point,9,12
37.78891097000008,-122.44485234499996,drinking_water,limited_access,2.0,Pacific Heights,142,10
37.71335158908368,-122.41572366681596,restroom,publicly_accessible,10.0,McLaren Park,7,9
37.75822049006592,-122.4127976783385,restroom,publicly_accessible,9.0,Mission,1117,27
37.80253081500007,-122.41313485899995,drinking_water,limited_access,3.0,North Beach,288,9
37.79118303,-122.43717433,drinking_water,publicly_accessible,2.0,Pacific Heights,190,0
37.77239053,-122.46012938,drinking_water,publicly_accessible,1.0,Golden Gate Park,72,10
37.73177922000001,-122.3812578,drinking_water,publicly_accessible,10.0,Bayview Hunters Point,24,45
37.76616718,-122.45630313,drinking_water,publicly_accessible,5.0,Golden Gate Park,134,7
37.778694,-122.387639,restroom,publicly_accessible,6.0,Mission Bay,137,2
37.77310559016735,-122.49848816074775,restroom,publicly_accessible,1.0,Outer Richmond,25,9
37.783704740000005,-122.4350831,drinking_water,publicly_accessible,5.0,Western Addition,555,9
37.80663633684421,-122.44262145562116,restroom,limited_access,,Marina,35,0
37.740119,-122.37597,drinking_water,publicly_accessible,10.0,Bayview Hunters Point,1,8
37.75774134081306,-122.41510303771898,restroom,publicly_accessible,9.0,Mission,1069,16
37.811076,-122.410559,restroom,publicly_accessible,3.0,North Beach,35,7
37.76408455,-122.41599352,drinking_water,publicly_accessible,9.0,Mission,2743,64
37.74066815988966,-122.44236800766512,restroom,publicly_accessible,8.0,Glen Park,16,1
37.78685506,-122.47042906,drinking_water,publicly_accessible,1.0,Inner Richmond,103,4
37.71599531472845,-122.42456403444784,restroom,publicly_accessible,10.0,McLaren Park,13,5
37.78659464,-122.39431446,drinking_water,publicly_accessible,6.0,Financial District/South Beach,590,24
37.77990307,-122.4173059,drinking_water,limited_access,5.0,Tenderloin,5171,51
37.741426624578615,-122.50707979596514,restroom,publicly_accessible,4.0,Sunset/Parkside,26,28
37.776348,-122.388505,restroom,publicly_accessible,6.0,Mission Bay,160,3
37.76825620237759,-122.4582480636822,restroom,publicly_accessible,7.0,Golden Gate Park,86,5
37.7571167,-122.4056906,restroom,publicly_accessible,10.0,Mission,879,4
37.76699475,-122.45742193,drinking_water,publicly_accessible,5.0,Golden Gate Park,106,5
37.7675953,-122.5107794,restroom,publicly_accessible,4.0,Golden Gate Park,37,46
37.73679298,-122.48263592,drinking_water,publicly_accessible,4.0,Sunset/Parkside,14,9
37.713791050000005,-122.42993905,drinking_water,publicly_accessible,11.0,Excelsior,17,0
37.72594393,-122.49985018,drinking_water,publicly_accessible,7.0,Lakeshore,2,6
37.72617621720311,-122.44515610209348,restroom,publicly_accessible,11.0,Outer Mission,47,14
37.73711526,-122.42056082,drinking_water,publicly_accessible,9.0,Bernal Heights,118,11
37.7946278,-122.394598,restroom,publicly_accessible,3.0,Financial District/South Beach,278,21
37.769266,-122.385705,drinking_water,,6.0,Mission Bay,15,2
37.79508453,-122.40538465,drinking_water,publicly_accessible,3.0,Chinatown,987,6
37.740119,-122.37597,restroom,publicly_accessible,10.0,Bayview Hunters Point,1,8
37.77240065,-122.44772931,drinking_water,publicly_accessible,5.0,Golden Gate Park,466,32
37.76799815,-122.50821339,drinking_water,publicly_accessible,4.0,Golden Gate Park,47,56
37.74789871,-122.49752443,drinking_water,publicly_accessible,4.0,Sunset/Parkside,15,6
37.7377807,-122.48449475,drinking_water,limited_access,4.0,Sunset/Parkside,15,4
37.77375254047893,-122.45599542644344,restroom,publicly_accessible,1.0,Golden Gate Park,133,14
37.77878684551738,-122.40633918397188,restroom,publicly_accessible,6.0,South of Market,3682,40
37.77163407,-122.49513618,drinking_water,publicly_accessible,1.0,Golden Gate Park,17,11
37.75712697,-122.48691579,drinking_water,publicly_accessible,4.0,Sunset/Parkside,40,7
37.78479965,-122.41547704,drinking_water,publicly_accessible,5.0,Tenderloin,4484,81
37.77916559,-122.41722141,drinking_water,limited_access,5.0,Tenderloin,5505,46
37.75959507,-122.42274035,drinking_water,publicly_accessible,9.0,Mission,1048,2
37.7433639,-122.48072331,drinking_water,publicly_accessible,4.0,Sunset/Parkside,43,7
37.74316235800006,-122.47934506399996,drinking_water,limited_access,4.0,Sunset/Parkside,58,6
37.76724865,-122.45680306,drinking_water,publicly_accessible,5.0,Golden Gate Park,136,9
37.764540240421184,-122.4382338387157,restroom,publicly_accessible,8.0,Castro/Upper Market,914,6
37.76698914381392,-122.45335127496452,restroom,limited_access,5.0,Golden Gate Park,213,14
37.74353236081232,-122.48092128937846,restroom,publicly_accessible,4.0,Sunset/Parkside,38,6
37.803614810000006,-122.42127041,drinking_water,publicly_accessible,2.0,Russian Hill,220,1
37.73559816229883,-122.478895784974,restroom,publicly_accessible,4.0,Sunset/Parkside,22,19
37.73620116438634,-122.4782232264926,restroom,publicly_accessible,4.0,Sunset/Parkside,20,19
37.796788830000025,-122.429023471,drinking_water,limited_access,2.0,Marina,336,0
37.72560824692619,-122.49952830769824,restroom,limited_access,7.0,Lakeshore,1,6
37.73806926327971,-122.49828821730264,restroom,publicly_accessible,4.0,Sunset/Parkside,45,6
37.78453259984284,-122.43517781586444,restroom,publicly_accessible,5.0,Japantown,565,9
37.760135940000055,-122.39766410099998,drinking_water,limited_access,10.0,Potrero Hill,258,6
37.72325489,-122.42086562,drinking_water,publicly_accessible,11.0,McLaren Park,9,15
37.79502053126163,-122.40533899196149,restroom,publicly_accessible,3.0,Chinatown,992,6
37.770201240000006,-122.48968921,drinking_water,publicly_accessible,4.0,Sunset/Parkside,12,14
37.71503456000001,-122.45754732,drinking_water,publicly_accessible,11.0,Oceanview/Merced/Ingleside,24,18
37.77082798,-122.50299987,drinking_water,publicly_accessible,1.0,Golden Gate Park,25,21
37.779081776000055,-122.41615205,drinking_water,limited_access,5.0,Tenderloin,5708,47
37.75081965,-122.49832207,drinking_water,publicly_accessible,4.0,Sunset/Parkside,21,5
37.733856370000005,-122.44819921,drinking_water,publicly_accessible,7.0,West of Twin Peaks,33,0
37.735993787219805,-122.48720705541815,restroom,publicly_accessible,4.0,Sunset/Parkside,20,4
37.77590945664165,-122.42765945401244,restroom,publicly_accessible,5.0,Hayes Valley,2070,9
37.77055703,-122.48014118,drinking_water,publicly_accessible,1.0,Golden Gate Park,23,24
37.76792764,-122.50184764,drinking_water,publicly_accessible,1.0,Golden Gate Park,20,33
37.78538709,-122.41824809,drinking_water,limited_access,5.0,Tenderloin,3612,77
37.77677036001743,-122.406057796802,restroom,publicly_accessible,6.0,South of Market,3525,44
37.72640027156061,-122.44323590203872,restroom,publicly_accessible,11.0,Outer Mission,28,14
37.7521752,-122.4185771,restroom,publicly_accessible,9.0,Mission,677,14
37.74272967,-122.42702128,drinking_water,publicly_accessible,8.0,Noe Valley,115,2
37.75611926407427,-122.39696359457824,restroom,publicly_accessible,10.0,Potrero Hill,87,8
37.7809272,-122.419371,drinking_water,limited_access,5.0,Tenderloin,3866,45
37.77608607438947,-122.43432885373568,restroom,publicly_accessible,5.0,Hayes Valley,464,2
37.74195626,-122.46517038,drinking_water,publicly_accessible,7.0,West of Twin Peaks,52,3
37.75812855,-122.41306199,drinking_water,limited_access,9.0,Mission,1087,24
37.76990547142128,-122.45428183846612,restroom,limited_access,5.0,Golden Gate Park,211,21
37.71509082,-122.45890729,drinking_water,publicly_accessible,11.0,Oceanview/Merced/Ingleside,22,15
37.77094118,-122.4990186,drinking_water,publicly_accessible,1.0,Golden Gate Park,21,13
37.75609621,-122.39683774,drinking_water,publicly_accessible,10.0,Potrero Hill,89,8
37.80355247125704,-122.42124359250042,restroom,publicly_accessible,2.0,Russian Hill,224,1
37.784118524000064,-122.43748930299996,drinking_water,limited_access,5.0,Japantown,503,8
37.76680514804956,-122.4683584852519,restroom,publicly_accessible,7.0,Golden Gate Park,82,21
37.72579634,-122.39330733,drinking_water,publicly_accessible,10.0,Bayview Hunters Point,98,59
37.80261305,-122.41204767,drinking_water,publicly_accessible,3.0,North Beach,305,13
37.78369098827751,-122.4511354376156,restroom,publicly_accessible,2.0,Presidio Heights,272,13
37.73328,-122.38366,drinking_water,publicly_accessible,10.0,Bayview Hunters Point,68,21
37.73663641,-122.44061654,drinking_water,limited_access,8.0,Glen Park,30,0
37.71402187,-122.42315071,drinking_water,publicly_accessible,10.0,McLaren Park,11,1
37.80227028,-122.40594449,drinking_water,publicly_accessible,3.0,North Beach,405,7
37.794609220000005,-122.4055779,drinking_water,publicly_accessible,3.0,Chinatown,1028,6
37.71394326427549,-122.41637790217736,restroom,publicly_accessible,10.0,McLaren Park,4,9
37.73973959372992,-122.37539271248392,restroom,publicly_accessible,10.0,Bayview Hunters Point,1,8
37.779601550461045,-122.4777727574484,restroom,publicly_accessible,1.0,Outer Richmond,242,4
37.72920701409901,-122.4097418452673,restroom,publicly_accessible,9.0,Portola,29,15
37.79437397,-122.41185104,drinking_water,publicly_accessible,3.0,Nob Hill,738,6
37.7589939,-122.41823058,drinking_water,limited_access,9.0,Mission,1281,10
37.775397,-122.388882,drinking_water,publicly_accessible,6.0,Mission Bay,161,3
37.75148905168568,-122.43921687699716,restroom,publicly_accessible,8.0,Noe Valley,79,0
37.77074549,-122.49897683,drinking_water,publicly_accessible,1.0,Golden Gate Park,20,13
37.80117853,-122.41699363,drinking_water,publicly_accessible,3.0,Russian Hill,304,2
37.75944307,-122.42240855,drinking_water,publicly_accessible,9.0,Mission,1048,2
37.77256947,-122.46434064,drinking_water,publicly_accessible,1.0,Golden Gate Park,85,7
37.75167265818647,-122.45588190223847,restroom,publicly_accessible,7.0,Twin Peaks,7,0
37.77260711019376,-122.46078915491172,restroom,publicly_accessible,1.0,Golden Gate Park,86,7
37.76561026794416,-122.43757489547627,restroom,publicly_accessible,8.0,Castro/Upper Market,964,6
37.765307750000005,-122.44027741,drinking_water,publicly_accessible,8.0,Castro/Upper Market,465,7
37.78126343,-122.4251937,drinking_water,publicly_accessible,5.0,Western Addition,2023,23
37.7614187,-122.39134277,drinking_water,publicly_accessible,10.0,Potrero Hill,201,3
37.7174815,-122.47038418,drinking_water,publicly_accessible,11.0,Oceanview/Merced/Ingleside,9,25
37.76638470261748,-122.476697089109,restroom,publicly_accessible,7.0,Golden Gate Park,61,34
37.74997657488508,-122.41197072408411,restroom,publicly_accessible,9.0,Mission,358,12
37.71773927453103,-122.4701559768888,restroom,publicly_accessible,11.0,Oceanview/Merced/Ingleside,9,23
37.72368991,-122.42308907,drinking_water,publicly_accessible,11.0,McLaren Park,16,12
37.77958077,-122.47777182,drinking_water,publicly_accessible,1.0,Outer Richmond,243,4
37.73247219967324,-122.37603821479244,restroom,publicly_accessible,10.0,Bayview Hunters Point,9,12
37.77092973,-122.47696558,drinking_water,publicly_accessible,7.0,Golden Gate Park,29,28
37.73307159776936,-122.382577828637,restroom,publicly_accessible,10.0,Bayview Hunters Point,59,30
37.78074058,-122.42663066,drinking_water,publicly_accessible,5.0,Western Addition,1504,14
37.77135493025545,-122.39873334886664,restroom,publicly_accessible,6.0,Mission Bay,480,13
37.76959000789354,-122.51011435778472,restroom,limited_access,4.0,Golden Gate Park,47,41
37.760841940000006,-122.42756989,drinking_water,publicly_accessible,8.0,Castro/Upper Market,1114,0
37.76936533,-122.49313417,drinking_water,publicly_accessible,4.0,Golden Gate Park,13,17
37.729370370000005,-122.40967733,drinking_water,publicly_accessible,9.0,Portola,33,16
37.76699488,-122.45332846,drinking_water,limited_access,5.0,Golden Gate Park,213,14
37.73921045423949,-122.38573118327052,restroom,publicly_accessible,10.0,Bayview Hunters Point,221,47
37.719071,-122.393147,drinking_water,publicly_accessible,10.0,Bayview Hunters Point,48,35
37.73088520798447,-122.3837328418327,restroom,publicly_accessible,10.0,Bayview Hunters Point,79,62
37.77020104717313,-122.4955921142364,restroom,publicly_accessible,1.0,Golden Gate Park,15,16
37.79159628,-122.42817795,drinking_water,publicly_accessible,2.0,Pacific Heights,500,2
37.76797548977512,-122.50181865799595,restroom,publicly_accessible,1.0,Golden Gate Park,19,32
37.75154545,-122.46518977,drinking_water,publicly_accessible,7.0,Inner Sunset,22,0
37.75150426311053,-122.42887877902628,restroom,publicly_accessible,8.0,Noe Valley,101,0
37.7543903,-122.41381917,drinking_water,limited_access,9.0,Mission,662,7
37.76624576,-122.45578885,drinking_water,publicly_accessible,5.0,Golden Gate Park,150,8
37.77269581,-122.4552027,drinking_water,publicly_accessible,1.0,Golden Gate Park,166,18
37.782884097867246,-122.49085411307505,restroom,publicly_accessible,1.0,Outer Richmond,42,1
37.78422005104755,-122.50182639926255,restroom,publicly_accessible,1.0,Lincoln Park,29,14
37.793789,-122.392106,drinking_water,publicly_accessible,6.0,Financial District/South Beach,226,22
37.810489,-122.410821,restroom,publicly_accessible,3.0,North Beach,70,8
37.8087256,-122.4155803,restroom,publicly_accessible,3.0,North Beach,124,16
37.79738734090501,-122.44467454836928,restroom,publicly_accessible,2.0,Marina,105,1
37.71434069987213,-122.44983895970807,restroom,publicly_accessible,11.0,Outer Mission,28,28
37.766786536410606,-122.49279315543468,restroom,publicly_accessible,4.0,Golden Gate Park,15,22
37.80259938123957,-122.40605250572062,restroom,publicly_accessible,3.0,North Beach,381,8
37.7715225693754,-122.47202101043584,restroom,publicly_accessible,1.0,Golden Gate Park,41,17
37.742691,-122.387441,drinking_water,limited_access,10.0,Bayview Hunters Point,213,67
37.770220300000005,-122.45937143,drinking_water,publicly_accessible,7.0,Golden Gate Park,63,9
37.746283168602446,-122.43968177852058,restroom,publicly_accessible,8.0,Noe Valley,27,4
37.77273831,-122.45794472,drinking_water,publicly_accessible,1.0,Golden Gate Park,89,14
37.76735,-122.420036,drinking_water,publicly_accessible,9.0,Mission,3332,41
37.72220338,-122.41308385,drinking_water,publicly_accessible,9.0,McLaren Park,6,19
37.78340553001032,-122.4780934534974,restroom,publicly_accessible,1.0,Outer Richmond,199,3
37.79172534,-122.40516294,drinking_water,publicly_accessible,3.0,Financial District/South Beach,1201,3
37.71271954,-122.40869124,drinking_water,publicly_accessible,10.0,Visitacion Valley,28,3
37.74671,-122.38634,drinking_water,publicly_accessible,10.0,Bayview Hunters Point,95,63
37.75808872207264,-122.41344367216318,restroom,publicly_accessible,9.0,Mission,1086,22
37.76953433640059,-122.48470857635463,restroom,publicly_accessible,4.0,Golden Gate Park,23,22
37.749905738380605,-122.412343944662,restroom,publicly_accessible,9.0,Mission,354,13
37.78248808,-122.43558809,drinking_water,publicly_accessible,5.0,Western Addition,537,10
37.74244647159215,-122.42843387178414,restroom,publicly_accessible,8.0,Noe Valley,69,2
37.71732528,-122.38717889,drinking_water,publicly_accessible,10.0,Bayview Hunters Point,26,21
37.71408971379147,-122.42331647505156,restroom,publicly_accessible,10.0,McLaren Park,11,1
37.754352377295625,-122.41391608902444,restroom,publicly_accessible,9.0,Mission,653,8
37.76851881812115,-122.46559954560792,restroom,publicly_accessible,7.0,Golden Gate Park,85,11
37.744233,-122.398524,drinking_water,publicly_accessible,10.0,Bayview Hunters Point,357,59
37.74686045,-122.41325643,drinking_water,publicly_accessible,9.0,Bernal Heights,217,17
37.79897,-122.39703,restroom,publicly_accessible,3.0,Financial District/South Beach,196,12
37.73370386440429,-122.4473554240948,restroom,publicly_accessible,7.0,West of Twin Peaks,31,0
37.76985328000001,-122.43960653,drinking_water,publicly_accessible,8.0,Haight Ashbury,436,23
37.71521921017252,-122.43182548843647,restroom,publicly_accessible,11.0,Excelsior,29,0
37.767503,-122.386062,drinking_water,,6.0,Mission Bay,31,1
37.80103021,-122.41062973,drinking_water,publicly_accessible,3.0,North Beach,428,6
37.72711420900004,-122.40636172399996,drinking_water,limited_access,9.0,Portola,47,9
37.70975597,-122.44678565,drinking_water,publicly_accessible,11.0,Excelsior,18,14
37.747814884292936,-122.4384316905048,restroom,publicly_accessible,8.0,Noe Valley,40,1
37.7814174,-122.4020001,drinking_water,publicly_accessible,6.0,South of Market,1605,28
37.76745061878301,-122.45405121776848,restroom,publicly_accessible,5.0,Golden Gate Park,207,13
37.80244444556374,-122.40586285398844,restroom,publicly_accessible,3.0,North Beach,396,8
37.76918435,-122.50650309,drinking_water,publicly_accessible,1.0,Golden Gate Park,40,46
37.77352793,-122.4869876,drinking_water,publicly_accessible,1.0,Outer Richmond,22,16
37.78537896,-122.41809575,drinking_water,publicly_accessible,5.0,Tenderloin,3619,77
37.76998547,-122.45421166,drinking_water,publicly_accessible,5.0,Golden Gate Park,212,21
37.80137363200004,-122.434135665,drinking_water,limited_access,2.0,Marina,372,3
37.784313315771854,-122.41181377502645,restroom,publicly_accessible,5.0,Tenderloin,4079,59
37.78702293940326,-122.47178156987889,restroom,publicly_accessible,1.0,Inner Richmond,76,1
37.71242807,-122.48940363,drinking_water,publicly_accessible,7.0,Lakeshore,0,49
37.76828888,-122.45471818,drinking_water,publicly_accessible,5.0,Golden Gate Park,199,16
37.79124662422696,-122.43816772749048,restroom,publicly_accessible,2.0,Pacific Heights,174,0
37.77212148,-122.44773409,drinking_water,limited_access,5.0,Golden Gate Park,462,34
37.738312761309125,-122.41599756145315,restroom,publicly_accessible,9.0,Bernal Heights,77,11
37.75633921,-122.39705544,drinking_water,publicly_accessible,10.0,Potrero Hill,83,8
37.7168010634532,-122.38835499090985,restroom,publicly_accessible,10.0,Bayview Hunters Point,26,22
37.7668042,-122.5081866,drinking_water,publicly_accessible,4.0,Golden Gate Park,47,59
37.71496823152588,-122.43189818017898,restroom,publicly_accessible,11.0,Excelsior,26,0
37.7787317,-122.4169278,restroom,publicly_accessible,5.0,Tenderloin,5727,46
37.76416762,-122.42024527,drinking_water,publicly_accessible,9.0,Mission,2220,18
37.78787928,-122.40697735,drinking_water,publicly_accessible,3.0,Financial District/South Beach,1338,14
37.77239136,-122.44766619,drinking_water,publicly_accessible,5.0,Golden Gate Park,464,32
37.73800244,-122.4983337,drinking_water,publicly_accessible,4.0,Sunset/Parkside,40,6
37.76406037000004,-122.43188171699995,drinking_water,limited_access,8.0,Castro/Upper Market,1983,2
37.79689,-122.39505,restroom,limited_access,3.0,Financial District/South Beach,214,17
37.802780865258775,-122.41222087359928,restroom,publicly_accessible,3.0,North Beach,292,12
37.7406401,-122.43528428,drinking_water,publicly_accessible,8.0,Glen Park,22,4
37.73406849241061,-122.42170662551818,restroom,publicly_accessible,9.0,Bernal Heights,66,11
37.79542,-122.39363,drinking_water,limited_access,3.0,Financial District/South Beach,235,22
37.722389879019694,-122.41438687566156,restroom,publicly_accessible,9.0,McLaren Park,4,20
37.78286237,-122.4908413,drinking_water,publicly_accessible,1.0,Outer Richmond,42,1
37.71770235,-122.47036815,drinking_water,publicly_accessible,11.0,Oceanview/Merced/Ingleside,9,23
37.76388493563467,-122.39892775694432,restroom,publicly_accessible,10.0,Potrero Hill,471,6
37.79523887500005,-122.41008249499998,drinking_water,limited_access,3.0,Chinatown,758,6
37.76460916,-122.40948568,drinking_water,publicly_accessible,9.0,Mission,2088,101
37.75010227881753,-122.40535703230252,restroom,publicly_accessible,9.0,Mission,1092,15
37.73910459,-122.44949347,drinking_water,publicly_accessible,7.0,West of Twin Peaks,12,0
37.74695644,-122.43891311,drinking_water,publicly_accessible,8.0,Noe Valley,29,4
37.79171974893089,-122.40509211818922,restroom,publicly_accessible,3.0,Financial District/South Beach,1214,3
37.80567366353541,-122.44826248305824,restroom,publicly_accessible,2.0,Marina,27,0
37.76634792,-122.47663375,drinking_water,publicly_accessible,7.0,Golden Gate Park,61,34
37.79362392,-122.40706236,drinking_water,publicly_accessible,3.0,Chinatown,1095,5
37.739575,-122.385795,drinking_water,publicly_accessible,10.0,Bayview Hunters Point,220,47
37.72751929,-122.36789379,drinking_water,publicly_accessible,10.0,Bayview Hunters Point,4,6
37.71638274,-122.45820801,drinking_water,limited_access,11.0,Oceanview/Merced/Ingleside,21,13
37.793628709866944,-122.40704782153728,restroom,publicly_accessible,3.0,Chinatown,1094,5
37.73083879,-122.38377726,drinking_water,publicly_accessible,10.0,Bayview Hunters Point,79,62
37.73222576074778,-122.37597410576838,restroom,publicly_accessible,10.0,Bayview Hunters Point,8,12
37.77799694,-122.45769442,drinking_water,publicly_accessible,1.0,Lone Mountain/USF,152,12
37.760315,-122.412135,drinking_water,publicly_accessible,9.0,Mission,1590,44
37.73797742460086,-122.3841349638076,restroom,publicly_accessible,10.0,Bayview Hunters Point,192,34
37.79427381465303,-122.41169060223632,restroom,publicly_accessible,3.0,Nob Hill,763,6
37.77013551800008,-122.45100115999998,drinking_water,limited_access,5.0,Haight Ashbury,299,28
37.76750663,-122.45566955,drinking_water,publicly_accessible,5.0,Golden Gate Park,176,11
37.78184424500006,-122.46809920399994,drinking_water,limited_access,1.0,Inner Richmond,248,11
37.72092385,-122.4169242,drinking_water,publicly_accessible,9.0,McLaren Park,3,13
37.776332,-122.388487,drinking_water,publicly_accessible,6.0,Mission Bay,160,3
37.760245264681615,-122.50956649424046,restroom,publicly_accessible,4.0,Sunset/Parkside,82,58
37.78413,-122.446083,drinking_water,publicly_accessible,5.0,Presidio Heights,312,12
37.72466408783124,-122.49365476427312,restroom,limited_access,7.0,Lakeshore,1,5
37.788483152167615,-122.44983022083372,restroom,publicly_accessible,2.0,Presidio Heights,96,10
37.77355496507794,-122.4868886187872,restroom,publicly_accessible,1.0,Outer Richmond,22,16
37.7381107,-122.38409678,drinking_water,publicly_accessible,10.0,Bayview Hunters Point,193,32
37.72928423,-122.40970257,drinking_water,publicly_accessible,9.0,Portola,30,16
37.78266867,-122.41594618,drinking_water,publicly_accessible,5.0,Tenderloin,4907,75
37.75856332910622,-122.42641901416428,restroom,publicly_accessible,8.0,Castro/Upper Market,682,0
37.76735541,-122.5080082,drinking_water,publicly_accessible,4.0,Golden Gate Park,43,58
37.75196896600005,-122.41982646399998,drinking_water,limited_access,9.0,Mission,657,13
37.77662044551919,-122.43391065502786,restroom,publicly_accessible,5.0,Hayes Valley,441,3
37.72214673,-122.42056917,drinking_water,publicly_accessible,9.0,McLaren Park,4,14
37.76820061034034,-122.45894632494796,restroom,publicly_accessible,7.0,Golden Gate Park,71,5
37.76334875500004,-122.47631075399994,drinking_water,limited_access,7.0,Inner Sunset,75,26
37.72659366900007,-122.474493769,drinking_water,limited_access,7.0,West of Twin Peaks,36,16
37.7515012,-122.42887882,drinking_water,publicly_accessible,8.0,Noe Valley,101,0
37.80648339185096,-122.43453399335982,restroom,publicly_accessible,2.0,Marina,136,3
37.77712702,-122.40618904,drinking_water,publicly_accessible,6.0,South of Market,3609,45
37.791240040000005,-122.43819734,drinking_water,publicly_accessible,2.0,Pacific Heights,173,0
37.76980758446106,-122.46865066589552,restroom,publicly_accessible,7.0,Golden Gate Park,60,17
37.78697197,-122.46779969,drinking_water,publicly_accessible,1.0,Inner Richmond,105,9
37.73248467100007,-122.39108620099996,drinking_water,limited_access,10.0,Bayview Hunters Point,179,27
37.76633375,-122.45492152,drinking_water,publicly_accessible,5.0,Golden Gate Park,176,9
37.7759467,-122.42445426,drinking_water,publicly_accessible,5.0,Hayes Valley,4016,28
37.77536972800005,-122.393097384,drinking_water,limited_access,6.0,Mission Bay,421,9
37.77044558810346,-122.46944634056555,restroom,publicly_accessible,7.0,Golden Gate Park,58,20
37.7603081,-122.5091618,restroom,publicly_accessible,4.0,Sunset/Parkside,84,60
37.75124303,-122.43900085,drinking_water,publicly_accessible,8.0,Noe Valley,80,1
37.728901840000006,-122.49374164,drinking_water,publicly_accessible,7.0,Lakeshore,11,10
37.783196,-122.461368,drinking_water,publicly_accessible,1.0,Inner Richmond,161,13
37.719149523186175,-122.4126962340035,restroom,publicly_accessible,9.0,McLaren Park,5,13
37.780618140084194,-122.4258541610206,restroom,publicly_accessible,5.0,Western Addition,1883,19
37.74168341043762,-122.4653079501994,restroom,publicly_accessible,7.0,West of Twin Peaks,54,3
37.7370245859576,-122.44076950422266,restroom,publicly_accessible,8.0,Glen Park,21,0
37.76379718,-122.41555594,drinking_water,publicly_accessible,9.0,Mission,2552,66
37.76059,-122.38563,restroom,limited_access,10.0,Potrero Hill,113,1
37.76302,-122.38734,out_of_service,limited_access,10.0,Potrero Hill,104,2
37.76807818,-122.45792483,drinking_water,publicly_accessible,7.0,Golden Gate Park,97,7
37.76948934,-122.4847777,drinking_water,publicly_accessible,4.0,Golden Gate Park,23,22
37.777987531028245,-122.45767116556968,restroom,publicly_accessible,1.0,Lone Mountain/USF,152,12
37.74137018500005,-122.46614395199998,drinking_water,limited_access,7.0,West of Twin Peaks,77,3
37.76275999979258,-122.45197359512166,restroom,publicly_accessible,8.0,Haight Ashbury,103,3
37.75940474502767,-122.42242458308024,restroom,publicly_accessible,9.0,Mission,1043,2
37.78641132,-122.43227245,drinking_water,publicly_accessible,5.0,Pacific Heights,568,12
37.79573314221017,-122.42054753311784,restroom,publicly_accessible,3.0,Russian Hill,926,2
37.75706028122408,-122.4869080712594,restroom,publicly_accessible,4.0,Sunset/Parkside,40,7
37.7383375968044,-122.48372258951072,restroom,publicly_accessible,4.0,Sunset/Parkside,16,5
37.75145352,-122.4389456,drinking_water,publicly_accessible,8.0,Noe Valley,79,0
37.72008421,-122.43381224,drinking_water,limited_access,11.0,Excelsior,56,0
37.7139251,-122.41632703,drinking_water,publicly_accessible,10.0,McLaren Park,4,9
37.77284508,-122.44247084,drinking_water,publicly_accessible,4.0,Sunset/Parkside,552,32
37.76262003,-122.45170249,drinking_water,publicly_accessible,8.0,Haight Ashbury,98,2
37.77057774,-122.45868065,drinking_water,publicly_accessible,7.0,Golden Gate Park,77,13
37.71767026,-122.4701035,drinking_water,publicly_accessible,11.0,Oceanview/Merced/Ingleside,9,23
37.771963889285466,-122.49707655180993,restroom,publicly_accessible,1.0,Golden Gate Park,23,11
37.765187,-122.4083365,restroom,publicly_accessible,9.0,Mission,2020,95
37.80215891886645,-122.448793308729,restroom,publicly_accessible,2.0,Marina,44,0
37.78433308,-122.41220834,drinking_water,publicly_accessible,5.0,Tenderloin,4218,57
37.76699119,-122.45332948,drinking_water,limited_access,5.0,Golden Gate Park,213,14
37.76530923000001,-122.44029271,drinking_water,publicly_accessible,8.0,Castro/Upper Market,463,7
37.7825365,-122.4157402,restroom,publicly_accessible,5.0,Tenderloin,4910,76
37.78286564,-122.43452278,drinking_water,publicly_accessible,5.0,Western Addition,548,11
37.714327090000005,-122.44986995,drinking_water,publicly_accessible,11.0,Outer Mission,28,28
37.71718343500864,-122.38878587677976,restroom,publicly_accessible,10.0,Bayview Hunters Point,28,24
37.73959648188863,-122.47617042952425,restroom,publicly_accessible,4.0,Sunset/Parkside,73,6
37.77856950700004,-122.49725809499996,drinking_water,limited_access,1.0,Outer Richmond,37,8
37.75767698999999,-122.41509849,drinking_water,publicly_accessible,9.0,Mission,1053,16
37.776004,-122.388026,drinking_water,publicly_accessible,6.0,Mission Bay,120,2
37.801492,-122.43324,drinking_water,publicly_accessible,2.0,Marina,374,3
37.77606960000001,-122.42741293,drinking_water,publicly_accessible,5.0,Hayes Valley,2135,10
37.7848986,-122.4128159,restroom,publicly_accessible,5.0,Tenderloin,4252,53
37.72556145806361,-122.39303328506476,restroom,publicly_accessible,10.0,Bayview Hunters Point,89,61
37.7957183,-122.42048043,drinking_water,publicly_accessible,3.0,Russian Hill,932,2
37.74173876,-122.46518013,drinking_water,publicly_accessible,7.0,West of Twin Peaks,52,3
37.7801432,-122.4130822,restroom,publicly_accessible,5.0,Tenderloin,6448,67
37.80052348,-122.40978817,drinking_water,publicly_accessible,3.0,North Beach,486,6
37.74402066778578,-122.44026812980984,restroom,publicly_accessible,8.0,Glen Park,17,5
37.79542,-122.39363,restroom,limited_access,3.0,Financial District/South Beach,235,22
37.77098213346722,-122.4768771295348,restroom,publicly_accessible,7.0,Golden Gate Park,29,27
37.71511356,-122.45624227,drinking_water,publicly_accessible,11.0,Oceanview/Merced/Ingleside,20,20
37.71413776700007,-122.465970826,drinking_water,limited_access,11.0,Oceanview/Merced/Ingleside,20,22
37.7958357,-122.41043562,drinking_water,publicly_accessible,3.0,Chinatown,647,7
37.77023246,-122.4955183,drinking_water,publicly_accessible,1.0,Golden Gate Park,14,16
37.73885128400008,-122.41610523099996,drinking_water,limited_access,9.0,Bernal Heights,72,11
37.72582319,-122.44334099,drinking_water,publicly_accessible,11.0,Outer Mission,30,14
37.765617,-122.412366,drinking_water,publicly_accessible,9.0,Mission,2732,85
37.72405708700006,-122.45626482999997,drinking_water,limited_access,7.0,West of Twin Peaks,48,7
37.76957923756154,-122.43457746937769,restroom,publicly_accessible,8.0,Haight Ashbury,1023,4
37.7767602,-122.4060242,restroom,limited_access,6.0,South of Market,3504,43
37.71356270169301,-122.43000619846528,restroom,publicly_accessible,11.0,Excelsior,16,0
37.76689068128529,-122.50766568323402,restroom,publicly_accessible,4.0,Golden Gate Park,44,60
37.77051463507628,-122.46947015151656,restroom,publicly_accessible,7.0,Golden Gate Park,59,20
37.75684016,-122.486904,drinking_water,publicly_accessible,4.0,Sunset/Parkside,41,8
37.785211870000005,-122.47790052,drinking_water,publicly_accessible,1.0,Outer Richmond,176,3
37.76726784026848,-122.50798559173631,restroom,publicly_accessible,4.0,Golden Gate Park,41,59
37.78087938,-122.42537903,drinking_water,publicly_accessible,5.0,Western Addition,2068,20
37.77133061999999,-122.49904042,drinking_water,publicly_accessible,1.0,Golden Gate Park,24,9
37.776548,-122.389769,drinking_water,publicly_accessible,6.0,Mission Bay,221,7
37.79172402169742,-122.42815294493,restroom,publicly_accessible,2.0,Pacific Heights,499,2
37.71604522,-122.45732734,drinking_water,publicly_accessible,11.0,Oceanview/Merced/Ingleside,21,12
37.7803467,-122.3877,drinking_water,publicly_accessible,6.0,Mission Bay,186,2
37.71360481,-122.43296598,drinking_water,limited_access,11.0,Excelsior,24,0
37.73655273,-122.44078843,drinking_water,publicly_accessible,8.0,Glen Park,26,0
37.76845387,-122.45704845,drinking_water,publicly_accessible,7.0,Golden Gate Park,142,11
37.72247859,-122.41423995,drinking_water,publicly_accessible,9.0,McLaren Park,4,20
37.75145679,-122.43894593,drinking_water,publicly_accessible,8.0,Noe Valley,79,0
37.7847415438671,-122.41568908585286,restroom,publicly_accessible,5.0,Tenderloin,4526,83
37.71454851,-122.40582609,drinking_water,limited_access,10.0,Visitacion Valley,50,1
37.806654380000005,-122.44255445,restroom,limited_access,,Marina,36,0
37.808738,-122.412697,restroom,publicly_accessible,3.0,North Beach,116,18
37.71274482391884,-122.40868229341584,restroom,publicly_accessible,10.0,Visitacion Valley,30,3
37.720234550340486,-122.43358551158578,restroom,publicly_accessible,11.0,Excelsior,59,0
37.78069459,-122.42684636,drinking_water,publicly_accessible,5.0,Western Addition,1459,14
37.76941332,-122.43349091,drinking_water,publicly_accessible,8.0,Haight Ashbury,1253,4
37.7428,-122.387319,restroom,limited_access,10.0,Bayview Hunters Point,211,67
37.76723487,-122.4551506,drinking_water,publicly_accessible,5.0,Golden Gate Park,180,11
37.76025855824598,-122.43646112984024,restroom,publicly_accessible,8.0,Castro/Upper Market,1032,1
37.77906456359353,-122.45837511234984,restroom,publicly_accessible,1.0,Lone Mountain/USF,157,9
37.71440079,-122.42886246,drinking_water,publicly_accessible,11.0,Excelsior,18,1
37.79403249,-122.41743067,drinking_water,limited_access,3.0,Russian Hill,1172,4
37.769805558070935,-122.46865196151226,restroom,publicly_accessible,7.0,Golden Gate Park,60,17
37.783709050000006,-122.4354035,drinking_water,publicly_accessible,5.0,Western Addition,554,9
37.77297409,-122.49900827,drinking_water,publicly_accessible,1.0,Outer Richmond,27,9
37.7479179,-122.43840181,drinking_water,limited_access,8.0,Noe Valley,41,1
37.76854971802402,-122.45898101337504,restroom,publicly_accessible,7.0,Golden Gate Park,66,7
37.77236703405456,-122.44766297493844,restroom,publicly_accessible,5.0,Golden Gate Park,464,32
37.7766746,-122.433905,drinking_water,publicly_accessible,5.0,Hayes Valley,430,3
37.73294746,-122.42105235,drinking_water,publicly_accessible,9.0,Bernal Heights,43,11
37.77313632980181,-122.39368445415782,restroom,publicly_accessible,6.0,Mission Bay,251,10
37.72509664467659,-122.4740986263154,restroom,publicly_accessible,7.0,West of Twin Peaks,14,17
37.790166,-122.388767,restroom,publicly_accessible,6.0,Financial District/South Beach,334,18
37.71630766055233,-122.4574613171202,restroom,publicly_accessible,11.0,Oceanview/Merced/Ingleside,21,13
37.728907080000006,-122.40968716,drinking_water,limited_access,9.0,Portola,31,15
37.78501370787081,-122.4845445288129,restroom,publicly_accessible,1.0,Outer Richmond,58,1
37.794611401480445,-122.40563810471431,restroom,publicly_accessible,3.0,Chinatown,1018,6
37.79131424,-122.42861961,drinking_water,publicly_accessible,2.0,Pacific Heights,421,2
37.77736955,-122.40646207,drinking_water,publicly_accessible,6.0,South of Market,3756,46
37.71923967,-122.41283289,drinking_water,publicly_accessible,9.0,McLaren Park,5,14
37.79429085,-122.41169429,drinking_water,publicly_accessible,3.0,Nob Hill,758,6
37.76823041384297,-122.46214572877334,restroom,publicly_accessible,7.0,Golden Gate Park,71,7
37.739129517709415,-122.44952483192756,restroom,publicly_accessible,7.0,West of Twin Peaks,12,0
37.7464289,-122.43829271,drinking_water,publicly_accessible,8.0,Noe Valley,21,5
37.77201687,-122.47114771,drinking_water,publicly_accessible,1.0,Golden Gate Park,53,17
37.72515055880462,-122.44552972539844,restroom,publicly_accessible,11.0,Outer Mission,53,11
37.792078270000005,-122.41238226,drinking_water,publicly_accessible,3.0,Nob Hill,1283,8
37.7644801806687,-122.50495827514384,restroom,publicly_accessible,4.0,Golden Gate Park,71,44
37.752333,-122.418141,drinking_water,publicly_accessible,9.0,Mission,693,15
37.71272269,-122.42731924,drinking_water,publicly_accessible,11.0,Excelsior,15,1
37.76888801773871,-122.47084604293474,restroom,publicly_accessible,7.0,Golden Gate Park,48,32
37.76752894,-122.45629948,drinking_water,publicly_accessible,5.0,Golden Gate Park,152,10
37.75156403315574,-122.46522255072964,restroom,publicly_accessible,7.0,Inner Sunset,22,0
37.732517086819065,-122.40239900743153,restroom,publicly_accessible,10.0,Bayview Hunters Point,69,17
37.76453537,-122.50499564,drinking_water,publicly_accessible,4.0,Golden Gate Park,70,44
37.7501238,-122.41247425,drinking_water,publicly_accessible,9.0,Mission,360,13
37.72713052100005,-122.43331540999998,drinking_water,limited_access,11.0,Outer Mission,97,3
37.79126963424543,-122.45371329325803,restroom,publicly_accessible,2.0,Presidio,23,0
37.7700523805948,-122.45956331931362,restroom,publicly_accessible,7.0,Golden Gate Park,65,7
37.810759,-122.410441,restroom,publicly_accessible,3.0,North Beach,45,8
37.80129138272988,-122.41678430772168,restroom,publicly_accessible,3.0,Russian Hill,293,2
37.73785746068678,-122.47571156115694,restroom,publicly_accessible,4.0,Sunset/Parkside,71,15
37.79429125,-122.41169415,drinking_water,publicly_accessible,3.0,Nob Hill,758,6
37.80148454613276,-122.43318577042552,restroom,publicly_accessible,2.0,Marina,372,3
37.72925378,-122.40981943,drinking_water,publicly_accessible,9.0,Portola,30,15
37.734648,-122.390524,drinking_water,publicly_accessible,10.0,Bayview Hunters Point,186,30
37.7694207259486,-122.49309991733551,restroom,publicly_accessible,4.0,Golden Gate Park,13,17
37.7885318,-122.44979582,drinking_water,publicly_accessible,2.0,Presidio Heights,95,10
37.72539339194417,-122.39337823570943,restroom,publicly_accessible,10.0,Bayview Hunters Point,88,59
37.75991581,-122.4362927,drinking_water,publicly_accessible,8.0,Castro/Upper Market,1011,1
37.70950402468936,-122.44706570405378,restroom,publicly_accessible,11.0,Excelsior,17,14
37.80168741,-122.44791246,drinking_water,publicly_accessible,2.0,Marina,73,0
37.7671838,-122.50799349,drinking_water,publicly_accessible,4.0,Golden Gate Park,41,59
37.73197548973464,-122.44079024379074,restroom,publicly_accessible,7.0,West of Twin Peaks,45,13
37.769174410000005,-122.45878341,drinking_water,limited_access,7.0,Golden Gate Park,77,10
37.79101427,-122.42734389,drinking_water,publicly_accessible,2.0,Pacific Heights,616,3
37.783353,-122.41769,restroom,publicly_accessible,5.0,Tenderloin,4586,72
37.73918604,-122.3856264,drinking_water,publicly_accessible,10.0,Bayview Hunters Point,219,47
37.80914,-122.409882,restroom,publicly_accessible,3.0,North Beach,97,9
37.73258266,-122.40301406,drinking_water,publicly_accessible,10.0,Bayview Hunters Point,72,19
37.72732357,-122.36690698,drinking_water,publicly_accessible,10.0,Bayview Hunters Point,4,5
37.743551594363424,-122.480708410321,restroom,publicly_accessible,4.0,Sunset/Parkside,43,7
37.751672340000006,-122.45583377,drinking_water,publicly_accessible,7.0,Twin Peaks,7,0
37.73617234504192,-122.4779173153289,restroom,publicly_accessible,4.0,Sunset/Parkside,22,19
37.76742129,-122.50832979,drinking_water,publicly_accessible,4.0,Golden Gate Park,41,58
37.734686763218136,-122.38948264733972,restroom,publicly_accessible,10.0,Bayview Hunters Point,189,32
37.7844142,-122.4077797,restroom,publicly_accessible,3.0,Tenderloin,2183,47
37.79566305898598,-122.41036014811358,restroom,publicly_accessible,3.0,Chinatown,665,7
37.75122405800005,-122.49810319699998,drinking_water,limited_access,4.0,Sunset/Parkside,23,5
37.7869717,-122.46793153,drinking_water,publicly_accessible,1.0,Inner Richmond,107,9
37.73193828,-122.44074053,drinking_water,publicly_accessible,7.0,West of Twin Peaks,45,13
37.70959881,-122.44705578,drinking_water,publicly_accessible,11.0,Excelsior,17,14
37.75945608,-122.42710372,drinking_water,publicly_accessible,8.0,Castro/Upper Market,802,0
37.75910877,-122.40447578,drinking_water,publicly_accessible,10.0,Potrero Hill,515,8
37.722952321382685,-122.41856158698464,restroom,publicly_accessible,11.0,McLaren Park,4,15
37.76800126751249,-122.49647617853708,restroom,publicly_accessible,4.0,Golden Gate Park,17,23
37.76398718,-122.39912815,drinking_water,publicly_accessible,10.0,Potrero Hill,478,7
37.72852697091199,-122.46602410190816,restroom,publicly_accessible,7.0,West of Twin Peaks,13,3
37.733980204000034,-122.43383315499996,drinking_water,limited_access,8.0,Glen Park,131,4
37.71245320600008,-122.40788422599996,drinking_water,limited_access,10.0,Visitacion Valley,38,3
37.76376981288262,-122.43858249636833,restroom,publicly_accessible,8.0,Castro/Upper Market,859,4
37.73712264058883,-122.42058670337198,restroom,publicly_accessible,9.0,Bernal Heights,119,11
37.7552601,-122.4051895,restroom,publicly_accessible,10.0,Mission,1052,5
37.782315528202496,-122.4356163934808,restroom,limited_access,5.0,Western Addition,530,10
37.76671178060086,-122.45600547939162,restroom,publicly_accessible,5.0,Golden Gate Park,145,8
37.801064242552535,-122.41063428491248,restroom,publicly_accessible,3.0,North Beach,422,6
37.72905284,-122.41024195,drinking_water,publicly_accessible,9.0,Portola,31,14
37.73787943,-122.48463806,drinking_water,limited_access,4.0,Sunset/Parkside,15,4
